Accessibility,3
ActiveRecord Basics,6
Advanced Social Features in Ruby on Rails,5
Aesthetic Foundations,3
AJAX Basics,4
AngularJS,6
Android Data Persistence,6
Android Lists and Adapters,6
Android Tools,3
Blank Slates in Ruby on Rails,3
Brand Identity Basics,4
Build a Responsive Website,3
Build a Self-Destructing Message Android App,8
Build a Simple Android App,6
Build a Simple Ruby on Rails Application,9
Build a Todo List Application with Rails 4,1
Build a Weather App,6
Build an Interactive Story App,4
Building Social Features in Ruby on Rails,5
Compass Basics,4
Console Foundations,5
CSS Foundations,13
CSS Layout Techniques,5
CSS Selectors,2
Database Foundations,8
Design Foundations,4
Git Basics,6
How to Build a WordPress Blog Without Coding,2
How to Make a Website,10
How to Make a Website with WordPress,6
HTML Forms,3
HTML Tables,2
Illustrator Foundations,6
Implementing Designs for Android,8
Installing a Ruby Development Environment,1
Interactive Web Pages with JavaScript,3
Introduction to Programming,4
Java Basics,3
Java Objects,4
JavaScript Foundations,6
JavaScript Loops, Arrays and Objects,3
jQuery Basics,6
Logo Design Basics,2
Photoshop Foundations,7
Polishing Ruby on Rails,4
Publish an Android App,1
Rails Layouts and CSS Frameworks,3
Rails Partials and Helpers,3
Ruby Basics,4
Ruby Blocks,3
Ruby Booleans,2
Ruby Collections,3
Ruby Foundations,14
Ruby Loops,3
Ruby Objects and Classes,3
Ruby on Rails Forms,3
Ruby Operators and Control Structures,3
Sass Basics,4
SEO Basics,4
Soft Skills,5
The Rails Asset Pipeline and Styling,2
Usability Foundations,4
User Authentication with Rails,3
UX Basics,5
Website Optimization,1
